{"cameraMode":{"drawMode":0,"name":"Shaded","section":"Shading Mode"},"sceneLighting":false,"audioPlay":false,"sceneViewState":{"showFog":true,"showMaterialUpdate":false,"showSkybox":false,"showFlares":true,"showImageEffects":true,"showParticleSystems":true},"in2DMode":false,"pivot":{"x":1.1282377243041993,"y":5.820000171661377,"z":0.661956787109375},"rotation":{"x":-0.19908979535102845,"y":-0.4066633880138397,"z":0.09128358960151673,"w":-0.8869354128837586},"size":2.8578836917877199,"orthographic":false}