{"cameraMode":{"drawMode":0,"name":"Shaded","section":"Shading Mode"},"sceneLighting":true,"audioPlay":false,"sceneViewState":{"showFog":true,"showMaterialUpdate":false,"showSkybox":true,"showFlares":true,"showImageEffects":true,"showParticleSystems":true},"in2DMode":false,"pivot":{"x":-0.22359323501586915,"y":2.707470417022705,"z":-5.244049072265625},"rotation":{"x":-0.18581081926822663,"y":-0.22988958656787873,"z":0.04476326331496239,"w":-0.9542654156684876},"size":10.0,"orthographic":false}