{"cameraMode":{"drawMode":0,"name":"Shaded","section":"Shading Mode"},"sceneLighting":true,"audioPlay":false,"sceneViewState":{"showFog":true,"showMaterialUpdate":false,"showSkybox":true,"showFlares":true,"showImageEffects":true,"showParticleSystems":true},"in2DMode":false,"pivot":{"x":-1.0354077816009522,"y":0.34351372718811037,"z":-6.727914810180664},"rotation":{"x":-0.1696745753288269,"y":-0.1597679704427719,"z":0.027887610718607904,"w":-0.9720642566680908},"size":10.0,"orthographic":false}