{"cameraMode":{"drawMode":0,"name":"Shaded","section":"Shading Mode"},"sceneLighting":true,"audioPlay":false,"sceneViewState":{"showFog":true,"showMaterialUpdate":false,"showSkybox":true,"showFlares":true,"showImageEffects":true,"showParticleSystems":true},"in2DMode":false,"pivot":{"x":-1.851131796836853,"y":0.31530308723449709,"z":-6.503248691558838},"rotation":{"x":-0.1722245067358017,"y":-0.11584760993719101,"z":0.02040039375424385,"w":-0.9780102372169495},"size":10.0,"orthographic":false}